id;title;content;date
1;apud aha;../fake-data/blob/hipster.txt;2025-02-05T13:15:56
2;cop lieu remand;../fake-data/blob/hipster.txt;2025-02-06T00:31:52
3;bench iterate broken;../fake-data/blob/hipster.txt;2025-02-05T08:25:28
4;pfft;../fake-data/blob/hipster.txt;2025-02-05T10:39:33
5;indeed whoever incandescence;../fake-data/blob/hipster.txt;2025-02-05T21:25:13
6;discontinue ah trouser;../fake-data/blob/hipster.txt;2025-02-05T11:26:09
7;lyre valiantly even;../fake-data/blob/hipster.txt;2025-02-05T19:37:31
8;nun when per;../fake-data/blob/hipster.txt;2025-02-05T15:40:10
9;whether even;../fake-data/blob/hipster.txt;2025-02-05T07:44:34
10;stint suddenly;../fake-data/blob/hipster.txt;2025-02-05T17:35:08
